#SampleID	ERR209679_1_kneaddata_taxonomic_profile	ERR209680_1_kneaddata_taxonomic_profile	ERR209681_1_kneaddata_taxonomic_profile	ERR209684_1_kneaddata_taxonomic_profile	ERR209685_1_kneaddata_taxonomic_profile	ERR209690_1_kneaddata_taxonomic_profile	ERR209691_1_kneaddata_taxonomic_profile	ERR209692_1_kneaddata_taxonomic_profile	ERR209693_1_kneaddata_taxonomic_profile	ERR209695_1_kneaddata_taxonomic_profile	ERR209696_1_kneaddata_taxonomic_profile	ERR209697_1_kneaddata_taxonomic_profile	ERR209698_1_kneaddata_taxonomic_profile	ERR209699_1_kneaddata_taxonomic_profile	ERR209700_1_kneaddata_taxonomic_profile	ERR209701_1_kneaddata_taxonomic_profile	ERR209706_1_kneaddata_taxonomic_profile	ERR209707_1_kneaddata_taxonomic_profile	ERR209708_1_kneaddata_taxonomic_profile	ERR209709_1_kneaddata_taxonomic_profile	ERR209710_1_kneaddata_taxonomic_profile	ERR209711_1_kneaddata_taxonomic_profile	ERR209715_1_kneaddata_taxonomic_profile	ERR209716_1_kneaddata_taxonomic_profile	ERR209717_1_kneaddata_taxonomic_profile	ERR209729_1_kneaddata_taxonomic_profile	ERR209730_1_kneaddata_taxonomic_profile	ERR209731_1_kneaddata_taxonomic_profile	ERR209732_1_kneaddata_taxonomic_profile	ERR209739_1_kneaddata_taxonomic_profile	ERR209740_1_kneaddata_taxonomic_profile	ERR209743_1_kneaddata_taxonomic_profile	ERR209744_1_kneaddata_taxonomic_profile	ERR209745_1_kneaddata_taxonomic_profile	ERR209746_1_kneaddata_taxonomic_profile
k__Archaea	0.07903	0	0	0	0	0	0	0	0	0	0	0	0	0	0	0	0	0	0	0	0	0	0	0	0	0	0	0	0	0	0	0	0	0	0
k__Archaea|p__Euryarchaeota	0.07903	0	0	0	0	0	0	0	0	0	0	0	0	0	0	0	0	0	0	0	0	0	0	0	0	0	0	0	0	0	0	0	0	0	0
k__Archaea|p__Euryarchaeota|c__Methanobacteria	0.07903	0	0	0	0	0	0	0	0	0	0	0	0	0	0	0	0	0	0	0	0	0	0	0	0	0	0	0	0	0	0	0	0	0	0
k__Archaea|p__Euryarchaeota|c__Methanobacteria|o__Methanobacteriales	0.07903	0	0	0	0	0	0	0	0	0	0	0	0	0	0	0	0	0	0	0	0	0	0	0	0	0	0	0	0	0	0	0	0	0	0
k__Archaea|p__Euryarchaeota|c__Methanobacteria|o__Methanobacteriales|f__Methanobacteriaceae	0.07903	0	0	0	0	0	0	0	0	0	0	0	0	0	0	0	0	0	0	0	0	0	0	0	0	0	0	0	0	0	0	0	0	0	0
k__Archaea|p__Euryarchaeota|c__Methanobacteria|o__Methanobacteriales|f__Methanobacteriaceae|g__Methanobrevibacter	0.07903	0	0	0	0	0	0	0	0	0	0	0	0	0	0	0	0	0	0	0	0	0	0	0	0	0	0	0	0	0	0	0	0	0	0
k__Archaea|p__Euryarchaeota|c__Methanobacteria|o__Methanobacteriales|f__Methanobacteriaceae|g__Methanobrevibacter|s__Methanobrevibacter_smithii	0.02968	0	0	0	0	0	0	0	0	0	0	0	0	0	0	0	0	0	0	0	0	0	0	0	0	0	0	0	0	0	0	0	0	0	0
k__Archaea|p__Euryarchaeota|c__Methanobacteria|o__Methanobacteriales|f__Methanobacteriaceae|g__Methanobrevibacter|s__Methanobrevibacter_smithii|t__Methanobrevibacter_smithii_unclassified	0.02968	0	0	0	0	0	0	0	0	0	0	0	0	0	0	0	0	0	0	0	0	0	0	0	0	0	0	0	0	0	0	0	0	0	0
k__Archaea|p__Euryarchaeota|c__Methanobacteria|o__Methanobacteriales|f__Methanobacteriaceae|g__Methanobrevibacter|s__Methanobrevibacter_unclassified	0.04935	0	0	0	0	0	0	0	0	0	0	0	0	0	0	0	0	0	0	0	0	0	0	0	0	0	0	0	0	0	0	0	0	0	0
k__Bacteria	99.92097	100.0	100.0	100.0	100.0	100.0	100.0	100.0	100.0	100.0	100.0	100.0	100.0	100.0	100.0	100.0	100.0	100.0	100.0	100.0	100.0	100.0	100.0	100.0	100.0	100.0	100.0	100.0	100.0	100.0	100.0	100.0	100.0	100.0	100.0
k__Bacteria|p__Actinobacteria	69.08549	0	0	0	0	0.73203	0	7.33754	8.58299	2.19578	3.25257	2.33969	8.72444	6.43925	0.09828	0.07179	1.00315	1.15665	11.92328	10.5922	2.71448	1.95812	19.08483	3.03552	3.57004	3.62777	3.26029	26.55809	18.67247	13.25224	12.31812	0	0	1.65384	1.18542
k__Bacteria|p__Actinobacteria|c__Actinobacteria	69.08549	0	0	0	0	0.73203	0	7.33754	8.58299	2.19578	3.25257	2.33969	8.72444	6.43925	0.09828	0.07179	1.00315	1.15665	11.92328	10.5922	2.71448	1.95812	19.08483	3.03552	3.57004	3.62777	3.26029	26.55809	18.67247	13.25224	12.31812	0	0	1.65384	1.18542
k__Bacteria|p__Actinobacteria|c__Actinobacteria|o__Actinomycetales	1.82383	0	0	0	0	0	0	0	0.00023	0	0	0	0	0	0	0	0.00306	0.00395	0	0	0	0	0	0	0	0	0.02636	0	0	0	0	0	0	0	0
k__Bacteria|p__Actinobacteria|c__Actinobacteria|o__Actinomycetales|f__Actinomycetaceae	0.2656	0	0	0	0	0	0	0	0.00023	0	0	0	0	0	0	0	0.00306	0.00395	0	0	0	0	0	0	0	0	0.00291	0	0	0	0	0	0	0	0
k__Bacteria|p__Actinobacteria|c__Actinobacteria|o__Actinomycetales|f__Actinomycetaceae|g__Actinomyces	0.2656	0	0	0	0	0	0	0	0.00023	0	0	0	0	0	0	0	0.00306	0.00395	0	0	0	0	0	0	0	0	0.00291	0	0	0	0	0	0	0	0
k__Bacteria|p__Actinobacteria|c__Actinobacteria|o__Actinomycetales|f__Actinomycetaceae|g__Actinomyces|s__Actinomyces_graevenitzii	0.2656	0	0	0	0	0	0	0	0.00023	0	0	0	0	0	0	0	0.00306	0.00395	0	0	0	0	0	0	0	0	0.00291	0	0	0	0	0	0	0	0
k__Bacteria|p__Actinobacteria|c__Actinobacteria|o__Actinomycetales|f__Actinomycetaceae|g__Actinomyces|s__Actinomyces_graevenitzii|t__Actinomyces_graevenitzii_unclassified	0.2656	0	0	0	0	0	0	0	0.00023	0	0	0	0	0	0	0	0.00306	0.00395	0	0	0	0	0	0	0	0	0.00291	0	0	0	0	0	0	0	0
k__Bacteria|p__Actinobacteria|c__Actinobacteria|o__Actinomycetales|f__Micrococcaceae	1.55824	0	0	0	0	0	0	0	0	0	0	0	0	0	0	0	0	0	0	0	0	0	0	0	0	0	0	0	0	0	0	0	0	0	0
k__Bacteria|p__Actinobacteria|c__Actinobacteria|o__Actinomycetales|f__Micrococcaceae|g__Rothia	1.55824	0	0	0	0	0	0	0	0	0	0	0	0	0	0	0	0	0	0	0	0	0	0	0	0	0	0	0	0	0	0	0	0	0	0
k__Bacteria|p__Actinobacteria|c__Actinobacteria|o__Actinomycetales|f__Micrococcaceae|g__Rothia|s__Rothia_dentocariosa	0.40963	0	0	0	0	0	0	0	0	0	0	0	0	0	0	0	0	0	0	0	0	0	0	0	0	0	0	0	0	0	0	0	0	0	0
k__Bacteria|p__Actinobacteria|c__Actinobacteria|o__Actinomycetales|f__Micrococcaceae|g__Rothia|s__Rothia_dentocariosa|t__Rothia_dentocariosa_unclassified	0.40963	0	0	0	0	0	0	0	0	0	0	0	0	0	0	0	0	0	0	0	0	0	0	0	0	0	0	0	0	0	0	0	0	0	0
k__Bacteria|p__Actinobacteria|c__Actinobacteria|o__Actinomycetales|f__Micrococcaceae|g__Rothia|s__Rothia_mucilaginosa	0.16636	0	0	0	0	0	0	0	0	0	0	0	0	0	0	0	0	0	0	0	0	0	0	0	0	0	0	0	0	0	0	0	0	0	0
k__Bacteria|p__Actinobacteria|c__Actinobacteria|o__Actinomycetales|f__Micrococcaceae|g__Rothia|s__Rothia_mucilaginosa|t__Rothia_mucilaginosa_unclassified	0.16636	0	0	0	0	0	0	0	0	0	0	0	0	0	0	0	0	0	0	0	0	0	0	0	0	0	0	0	0	0	0	0	0	0	0
k__Bacteria|p__Actinobacteria|c__Actinobacteria|o__Actinomycetales|f__Micrococcaceae|g__Rothia|s__Rothia_unclassified	0.98224	0	0	0	0	0	0	0	0	0	0	0	0	0	0	0	0	0	0	0	0	0	0	0	0	0	0	0	0	0	0	0	0	0	0
k__Bacteria|p__Actinobacteria|c__Actinobacteria|o__Actinomycetales|f__Propionibacteriaceae	0	0	0	0	0	0	0	0	0	0	0	0	0	0	0	0	0	0	0	0	0	0	0	0	0	0	0.02345	0	0	0	0	0	0	0	0
k__Bacteria|p__Actinobacteria|c__Actinobacteria|o__Actinomycetales|f__Propionibacteriaceae|g__Propionibacteriaceae_unclassified	0	0	0	0	0	0	0	0	0	0	0	0	0	0	0	0	0	0	0	0	0	0	0	0	0	0	0.02345	0	0	0	0	0	0	0	0
k__Bacteria|p__Actinobacteria|c__Actinobacteria|o__Bifidobacteriales	64.27569	0	0	0	0	0.73203	0	7.06024	8.25149	1.38299	1.97814	1.45091	8.72444	6.43925	0.09828	0.07179	0.71175	0.80725	10.17601	9.47445	1.58754	1.20436	18.87345	2.31012	2.67356	3.61951	3.22349	25.99171	18.19665	11.09908	10.38467	0	0	0.0969	0.08616
k__Bacteria|p__Actinobacteria|c__Actinobacteria|o__Bifidobacteriales|f__Bifidobacteriaceae	64.27569	0	0	0	0	0.73203	0	7.06024	8.25149	1.38299	1.97814	1.45091	8.72444	6.43925	0.09828	0.07179	0.71175	0.80725	10.17601	9.47445	1.58754	1.20436	18.87345	2.31012	2.67356	3.61951	3.22349	25.99171	18.19665	11.09908	10.38467	0	0	0.0969	0.08616
k__Bacteria|p__Actinobacteria|c__Actinobacteria|o__Bifidobacteriales|f__Bifidobacteriaceae|g__Alloscardovia	0.28493	0	0	0	0	0	0	0	0	0	0	0	0	0	0	0	0	0	0	0	0	0	0.00525	0	0	0	0	0	0	0	0	0	0	0	0
k__Bacteria|p__Actinobacteria|c__Actinobacteria|o__Bifidobacteriales|f__Bifidobacteriaceae|g__Alloscardovia|s__Alloscardovia_omnicolens	0.28493	0	0	0	0	0	0	0	0	0	0	0	0	0	0	0	0	0	0	0	0	0	0.00525	0	0	0	0	0	0	0	0	0	0	0	0
k__Bacteria|p__Actinobacteria|c__Actinobacteria|o__Bifidobacteriales|f__Bifidobacteriaceae|g__Alloscardovia|s__Alloscardovia_omnicolens|t__Alloscardovia_omnicolens_unclassified	0.28493	0	0	0	0	0	0	0	0	0	0	0	0	0	0	0	0	0	0	0	0	0	0.00525	0	0	0	0	0	0	0	0	0	0	0	0
k__Bacteria|p__Actinobacteria|c__Actinobacteria|o__Bifidobacteriales|f__Bifidobacteriaceae|g__Bifidobacterium	57.64749	0	0	0	0	0.73203	0	7.05208	8.24479	1.38299	1.97814	1.45091	8.72444	6.43854	0.09828	0.07179	0.71175	0.80725	10.17601	9.47445	1.58754	1.20436	18.85828	2.31012	2.67356	3.61951	3.22349	25.99171	18.19665	11.09908	10.38467	0	0	0.0969	0.08616
k__Bacteria|p__Actinobacteria|c__Actinobacteria|o__Bifidobacteriales|f__Bifidobacteriaceae|g__Bifidobacterium|s__Bifidobacterium_adolescentis	0.34122	0	0	0	0	0.44449	0	3.8741	4.56226	0	0	0	0	0	0	0	0.68809	0.78828	0	0	0	0	0	0	0	0.00537	0	0	0	2.14546	1.99393	0	0	0	0
k__Bacteria|p__Actinobacteria|c__Actinobacteria|o__Bifidobacteriales|f__Bifidobacteriaceae|g__Bifidobacterium|s__Bifidobacterium_adolescentis|t__Bifidobacterium_adolescentis_unclassified	0.34122	0	0	0	0	0.44449	0	3.8741	4.56226	0	0	0	0	0	0	0	0.68809	0.78828	0	0	0	0	0	0	0	0.00537	0	0	0	2.14546	1.99393	0	0	0	0
k__Bacteria|p__Actinobacteria|c__Actinobacteria|o__Bifidobacteriales|f__Bifidobacteriaceae|g__Bifidobacterium|s__Bifidobacterium_bifidum	0	0	0	0	0	0.02203	0	0.75216	0.91913	0	0	0	0	0	0	0	0	0	0	0	0	0	3.9212	0.00127	0.006	2.25727	1.95226	18.06946	12.70893	5.47497	4.67447	0	0	0	0
k__Bacteria|p__Actinobacteria|c__Actinobacteria|o__Bifidobacteriales|f__Bifidobacteriaceae|g__Bifidobacterium|s__Bifidobacterium_bifidum|t__Bifidobacterium_bifidum_unclassified	0	0	0	0	0	0.02203	0	0.75216	0.91913	0	0	0	0	0	0	0	0	0	0	0	0	0	3.9212	0.00127	0.006	2.25727	1.95226	18.06946	12.70893	5.47497	4.67447	0	0	0	0
k__Bacteria|p__Actinobacteria|c__Actinobacteria|o__Bifidobacteriales|f__Bifidobacteriaceae|g__Bifidobacterium|s__Bifidobacterium_breve	10.09057	0	0	0	0	0	0	0	0	0	0	0	0	0	0	0	0	0	0	0	0	0	2.12997	0	0	0	0	0	0	0	0	0	0	0	0
k__Bacteria|p__Actinobacteria|c__Actinobacteria|o__Bifidobacteriales|f__Bifidobacteriaceae|g__Bifidobacterium|s__Bifidobacterium_breve|t__Bifidobacterium_breve_unclassified	10.09057	0	0	0	0	0	0	0	0	0	0	0	0	0	0	0	0	0	0	0	0	0	2.12997	0	0	0	0	0	0	0	0	0	0	0	0
k__Bacteria|p__Actinobacteria|c__Actinobacteria|o__Bifidobacteriales|f__Bifidobacteriaceae|g__Bifidobacterium|s__Bifidobacterium_catenulatum	0	0	0	0	0	0	0	0.40067	0.4144	0	0	0	0	0	0	0	0	0	0.69375	0.58383	0	0	0	0	0	0	0	0	0	0.61482	0.64602	0	0	0	0
k__Bacteria|p__Actinobacteria|c__Actinobacteria|o__Bifidobacteriales|f__Bifidobacteriaceae|g__Bifidobacterium|s__Bifidobacterium_catenulatum|t__GCF_000173455	0	0	0	0	0	0	0	0.40067	0.4144	0	0	0	0	0	0	0	0	0	0.69375	0.58383	0	0	0	0	0	0	0	0	0	0.61482	0.64602	0	0	0	0
k__Bacteria|p__Actinobacteria|c__Actinobacteria|o__Bifidobacteriales|f__Bifidobacteriaceae|g__Bifidobacterium|s__Bifidobacterium_dentium	0	0	0	0	0	0	0	0	0	0	0	0	0	0	0	0	0	0	0	0	0	0	0.1153	0	0	0	0	0	0	0	0	0	0	0	0
k__Bacteria|p__Actinobacteria|c__Actinobacteria|o__Bifidobacteriales|f__Bifidobacteriaceae|g__Bifidobacterium|s__Bifidobacterium_dentium|t__Bifidobacterium_dentium_unclassified	0	0	0	0	0	0	0	0	0	0	0	0	0	0	0	0	0	0	0	0	0	0	0.1153	0	0	0	0	0	0	0	0	0	0	0	0
k__Bacteria|p__Actinobacteria|c__Actinobacteria|o__Bifidobacteriales|f__Bifidobacteriaceae|g__Bifidobacterium|s__Bifidobacterium_longum	6.31532	0	0	0	0	0.2655	0	2.02515	2.349	1.38299	1.97814	1.45091	8.72444	6.43854	0.09828	0.07179	0	0	1.0745	0.79104	1.15109	0.77967	0.32545	0.05363	0.07954	1.35686	1.27123	7.92225	5.48772	2.72604	2.91434	0	0	0.0969	0.08616
k__Bacteria|p__Actinobacteria|c__Actinobacteria|o__Bifidobacteriales|f__Bifidobacteriaceae|g__Bifidobacterium|s__Bifidobacterium_longum|t__Bifidobacterium_longum_unclassified	6.31532	0	0	0	0	0.2655	0	2.02515	2.349	1.38299	1.97814	1.45091	8.72444	6.43854	0.09828	0.07179	0	0	1.0745	0.79104	1.15109	0.77967	0.32545	0.05363	0.07954	1.35686	1.27123	7.92225	5.48772	2.72604	2.91434	0	0	0.0969	0.08616
k__Bacteria|p__Actinobacteria|c__Actinobacteria|o__Bifidobacteriales|f__Bifidobacteriaceae|g__Bifidobacterium|s__Bifidobacterium_pseudocatenulatum	40.90038	0	0	0	0	0	0	0	0	0	0	0	0	0	0	0	0.02366	0.01897	8.40776	8.09958	0.43645	0.42469	12.36637	2.25522	2.58802	0	0	0	0	0.13778	0.1559	0	0	0	0
k__Bacteria|p__Actinobacteria|c__Actinobacteria|o__Bifidobacteriales|f__Bifidobacteriaceae|g__Bifidobacterium|s__Bifidobacterium_pseudocatenulatum|t__GCF_000173435	40.90038	0	0	0	0	0	0	0	0	0	0	0	0	0	0	0	0.02366	0.01897	8.40776	8.09958	0.43645	0.42469	12.36637	2.25522	2.58802	0	0	0	0	0.13778	0.1559	0	0	0	0
k__Bacteria|p__Actinobacteria|c__Actinobacteria|o__Bifidobacteriales|f__Bifidobacteriaceae|g__Gardnerella	0.71091	0	0	0	0	0	0	0.00816	0.0067	0	0	0	0	0	0	0	0	0	0	0	0	0	0.00992	0	0	0	0	0	0	0	0	0	0	0	0
k__Bacteria|p__Actinobacteria|c__Actinobacteria|o__Bifidobacteriales|f__Bifidobacteriaceae|g__Gardnerella|s__Gardnerella_vaginalis	0.71091	0	0	0	0	0	0	0.00816	0.0067	0	0	0	0	0	0	0	0	0	0	0	0	0	0.00992	0	0	0	0	0	0	0	0	0	0	0	0
k__Bacteria|p__Actinobacteria|c__Actinobacteria|o__Bifidobacteriales|f__Bifidobacteriaceae|g__Gardnerella|s__Gardnerella_vaginalis|t__Gardnerella_vaginalis_unclassified	0.71091	0	0	0	0	0	0	0.00816	0.0067	0	0	0	0	0	0	0	0	0	0	0	0	0	0.00992	0	0	0	0	0	0	0	0	0	0	0	0
k__Bacteria|p__Actinobacteria|c__Actinobacteria|o__Bifidobacteriales|f__Bifidobacteriaceae|g__Parascardovia	1.45411	0	0	0	0	0	0	0	0	0	0	0	0	0	0	0	0	0	0	0	0	0	0	0	0	0	0	0	0	0	0	0	0	0	0
k__Bacteria|p__Actinobacteria|c__Actinobacteria|o__Bifidobacteriales|f__Bifidobacteriaceae|g__Parascardovia|s__Parascardovia_denticolens	1.45411	0	0	0	0	0	0	0	0	0	0	0	0	0	0	0	0	0	0	0	0	0	0	0	0	0	0	0	0	0	0	0	0	0	0
k__Bacteria|p__Actinobacteria|c__Actinobacteria|o__Bifidobacteriales|f__Bifidobacteriaceae|g__Parascardovia|s__Parascardovia_denticolens|t__Parascardovia_denticolens_unclassified	1.45411	0	0	0	0	0	0	0	0	0	0	0	0	0	0	0	0	0	0	0	0	0	0	0	0	0	0	0	0	0	0	0	0	0	0
k__Bacteria|p__Actinobacteria|c__Actinobacteria|o__Bifidobacteriales|f__Bifidobacteriaceae|g__Scardovia	4.17824	0	0	0	0	0	0	0	0	0	0	0	0	0.0007	0	0	0	0	0	0	0	0	0	0	0	0	0	0	0	0	0	0	0	0	0
k__Bacteria|p__Actinobacteria|c__Actinobacteria|o__Bifidobacteriales|f__Bifidobacteriaceae|g__Scardovia|s__Scardovia_wiggsiae	4.17824	0	0	0	0	0	0	0	0	0	0	0	0	0.0007	0	0	0	0	0	0	0	0	0	0	0	0	0	0	0	0	0	0	0	0	0
k__Bacteria|p__Actinobacteria|c__Actinobacteria|o__Bifidobacteriales|f__Bifidobacteriaceae|g__Scardovia|s__Scardovia_wiggsiae|t__Scardovia_wiggsiae_unclassified	4.17824	0	0	0	0	0	0	0	0	0	0	0	0	0.0007	0	0	0	0	0	0	0	0	0	0	0	0	0	0	0	0	0	0	0	0	0
k__Bacteria|p__Actinobacteria|c__Actinobacteria|o__Coriobacteriales	2.98597	0	0	0	0	0	0	0.2773	0.33127	0.81278	1.27443	0.88878	0	0	0	0	0.28834	0.34545	1.74727	1.11775	1.12694	0.75376	0.21138	0.7254	0.89647	0.00827	0.01043	0.56638	0.47583	2.15316	1.93345	0	0	1.55694	1.09926
k__Bacteria|p__Actinobacteria|c__Actinobacteria|o__Coriobacteriales|f__Coriobacteriaceae	2.98597	0	0	0	0	0	0	0.2773	0.33127	0.81278	1.27443	0.88878	0	0	0	0	0.28834	0.34545	1.74727	1.11775	1.12694	0.75376	0.21138	0.7254	0.89647	0.00827	0.01043	0.56638	0.47583	2.15316	1.93345	0	0	1.55694	1.09926
k__Bacteria|p__Actinobacteria|c__Actinobacteria|o__Coriobacteriales|f__Coriobacteriaceae|g__Adlercreutzia	0	0	0	0	0	0	0	0	0	0	0	0	0	0	0	0	0	0	0	0	0	0	0.02003	0.09197	0.11111	0	0	0	0	0.21519	0.18144	0	0	0.08186	0.06435
k__Bacteria|p__Actinobacteria|c__Actinobacteria|o__Coriobacteriales|f__Coriobacteriaceae|g__Adlercreutzia|s__Adlercreutzia_equolifaciens	0	0	0	0	0	0	0	0	0	0	0	0	0	0	0	0	0	0	0	0	0	0	0.02003	0.09197	0.11111	0	0	0	0	0.21519	0.18144	0	0	0.08186	0.06435
k__Bacteria|p__Actinobacteria|c__Actinobacteria|o__Coriobacteriales|f__Coriobacteriaceae|g__Adlercreutzia|s__Adlercreutzia_equolifaciens|t__GCF_000478885	0	0	0	0	0	0	0	0	0	0	0	0	0	0	0	0	0	0	0	0	0	0	0.02003	0.09197	0.11111	0	0	0	0	0.21519	0.18144	0	0	0.08186	0.06435
k__Bacteria|p__Actinobacteria|c__Actinobacteria|o__Coriobacteriales|f__Coriobacteriaceae|g__Atopobium	2.93697	0	0	0	0	0	0	0	0	0.01138	0	0	0	0	0	0	0.00398	0.00342	0	0	0	0	0	0	0	0.00827	0.01043	0	0	0	0	0	0	0	0
k__Bacteria|p__Actinobacteria|c__Actinobacteria|o__Coriobacteriales|f__Coriobacteriaceae|g__Atopobium|s__Atopobium_minutum	0	0	0	0	0	0	0	0	0	0.01138	0	0	0	0	0	0	0	0	0	0	0	0	0	0	0	0	0	0	0	0	0	0	0	0	0
k__Bacteria|p__Actinobacteria|c__Actinobacteria|o__Coriobacteriales|f__Coriobacteriaceae|g__Atopobium|s__Atopobium_minutum|t__GCF_000364325	0	0	0	0	0	0	0	0	0	0.01138	0	0	0	0	0	0	0	0	0	0	0	0	0	0	0	0	0	0	0	0	0	0	0	0	0
k__Bacteria|p__Actinobacteria|c__Actinobacteria|o__Coriobacteriales|f__Coriobacteriaceae|g__Atopobium|s__Atopobium_parvulum	2.40208	0	0	0	0	0	0	0	0	0	0	0	0	0	0	0	0.00398	0.00342	0	0	0	0	0	0	0	0.00827	0.01043	0	0	0	0	0	0	0	0
k__Bacteria|p__Actinobacteria|c__Actinobacteria|o__Coriobacteriales|f__Coriobacteriaceae|g__Atopobium|s__Atopobium_parvulum|t__GCF_000024225	2.40208	0	0	0	0	0	0	0	0	0	0	0	0	0	0	0	0.00398	0.00342	0	0	0	0	0	0	0	0.00827	0.01043	0	0	0	0	0	0	0	0
k__Bacteria|p__Actinobacteria|c__Actinobacteria|o__Coriobacteriales|f__Coriobacteriaceae|g__Atopobium|s__Atopobium_rimae	0.53489	0	0	0	0	0	0	0	0	0	0	0	0	0	0	0	0	0	0	0	0	0	0	0	0	0	0	0	0	0	0	0	0	0	0
k__Bacteria|p__Actinobacteria|c__Actinobacteria|o__Coriobacteriales|f__Coriobacteriaceae|g__Atopobium|s__Atopobium_rimae|t__GCF_000174015	0.53489	0	0	0	0	0	0	0	0	0	0	0	0	0	0	0	0	0	0	0	0	0	0	0	0	0	0	0	0	0	0	0	0	0	0
k__Bacteria|p__Actinobacteria|c__Actinobacteria|o__Coriobacteriales|f__Coriobacteriaceae|g__Collinsella	0	0	0	0	0	0	0	0	0	0.74715	1.10323	0.77849	0	0	0	0	0.26404	0.31597	0	0	0	0	0.10036	0.60012	0.73669	0	0	0	0	1.78866	1.6235	0	0	1.43601	1.00344
k__Bacteria|p__Actinobacteria|c__Actinobacteria|o__Coriobacteriales|f__Coriobacteriaceae|g__Collinsella|s__Collinsella_aerofaciens	0	0	0	0	0	0	0	0	0	0	0	0	0	0	0	0	0.26404	0.31597	0	0	0	0	0	0	0	0	0	0	0	1.78866	1.6235	0	0	1.43601	1.00344
k__Bacteria|p__Actinobacteria|c__Actinobacteria|o__Coriobacteriales|f__Coriobacteriaceae|g__Collinsella|s__Collinsella_aerofaciens|t__GCF_000169035	0	0	0	0	0	0	0	0	0	0	0	0	0	0	0	0	0.26404	0.31597	0	0	0	0	0	0	0	0	0	0	0	1.78866	1.6235	0	0	1.43601	1.00344
k__Bacteria|p__Actinobacteria|c__Actinobacteria|o__Coriobacteriales|f__Coriobacteriaceae|g__Collinsella|s__Collinsella_intestinalis	0	0	0	0	0	0	0	0	0	0.74715	1.09762	0.71728	0	0	0	0	0	0	0	0	0	0	0.10036	0.60012	0.73669	0	0	0	0	0	0	0	0	0	0
k__Bacteria|p__Actinobacteria|c__Actinobacteria|o__Coriobacteriales|f__Coriobacteriaceae|g__Collinsella|s__Collinsella_intestinalis|t__GCF_000156175	0	0	0	0	0	0	0	0	0	0.74715	1.09762	0.71728	0	0	0	0	0	0	0	0	0	0	0.10036	0.60012	0.73669	0	0	0	0	0	0	0	0	0	0
k__Bacteria|p__Actinobacteria|c__Actinobacteria|o__Coriobacteriales|f__Coriobacteriaceae|g__Collinsella|s__Collinsella_unclassified	0	0	0	0	0	0	0	0	0	0	0.00562	0.06121	0	0	0	0	0	0	0	0	0	0	0	0	0	0	0	0	0	0	0	0	0	0	0
k__Bacteria|p__Actinobacteria|c__Actinobacteria|o__Coriobacteriales|f__Coriobacteriaceae|g__Coriobacteriaceae_noname	0	0	0	0	0	0	0	0	0	0	0	0	0	0	0	0	0	0	0	0	0	0	0	0	0	0	0	0	0	0.02196	0.02287	0	0	0	0
k__Bacteria|p__Actinobacteria|c__Actinobacteria|o__Coriobacteriales|f__Coriobacteriaceae|g__Coriobacteriaceae_noname|s__Coriobacteriaceae_bacterium_phI	0	0	0	0	0	0	0	0	0	0	0	0	0	0	0	0	0	0	0	0	0	0	0	0	0	0	0	0	0	0.02196	0.02287	0	0	0	0
k__Bacteria|p__Actinobacteria|c__Actinobacteria|o__Coriobacteriales|f__Coriobacteriaceae|g__Coriobacteriaceae_noname|s__Coriobacteriaceae_bacterium_phI|t__GCF_000311845	0	0	0	0	0	0	0	0	0	0	0	0	0	0	0	0	0	0	0	0	0	0	0	0	0	0	0	0	0	0.02196	0.02287	0	0	0	0
k__Bacteria|p__Actinobacteria|c__Actinobacteria|o__Coriobacteriales|f__Coriobacteriaceae|g__Eggerthella	0.04899	0	0	0	0	0	0	0.26156	0.31673	0.05426	0.17119	0.11029	0	0	0	0	0.01571	0.0172	1.74727	1.11775	1.08217	0.73026	0.07827	0.03008	0.03974	0	0	0.11023	0.05725	0.12735	0.10564	0	0	0.02704	0.01796
k__Bacteria|p__Actinobacteria|c__Actinobacteria|o__Coriobacteriales|f__Coriobacteriaceae|g__Eggerthella|s__Eggerthella_lenta	0	0	0	0	0	0	0	0.00234	0.00413	0	0	0	0	0	0	0	0	0	0	0	0	0	0	0	0	0	0	0	0	0	0	0	0	0.01106	0.01176
k__Bacteria|p__Actinobacteria|c__Actinobacteria|o__Coriobacteriales|f__Coriobacteriaceae|g__Eggerthella|s__Eggerthella_lenta|t__GCF_000024265	0	0	0	0	0	0	0	0.00234	0.00413	0	0	0	0	0	0	0	0	0	0	0	0	0	0	0	0	0	0	0	0	0	0	0	0	0.01106	0.01176
k__Bacteria|p__Actinobacteria|c__Actinobacteria|o__Coriobacteriales|f__Coriobacteriaceae|g__Eggerthella|s__Eggerthella_unclassified	0.04899	0	0	0	0	0	0	0.25922	0.3126	0.05426	0.17119	0.11029	0	0	0	0	0.01571	0.0172	1.74727	1.11775	1.08217	0.73026	0.07827	0.03008	0.03974	0	0	0.11023	0.05725	0.12735	0.10564	0	0	0.01597	0.0062
k__Bacteria|p__Actinobacteria|c__Actinobacteria|o__Coriobacteriales|f__Coriobacteriaceae|g__Gordonibacter	0	0	0	0	0	0	0	0.01574	0.01454	0	0	0	0	0	0	0	0.00461	0.00886	0	0	0.04477	0.0235	0.01272	0.00323	0.00892	0	0	0.45615	0.41857	0	0	0	0	0.01203	0.01351
k__Bacteria|p__Actinobacteria|c__Actinobacteria|o__Coriobacteriales|f__Coriobacteriaceae|g__Gordonibacter|s__Gordonibacter_pamelaeae	0	0	0	0	0	0	0	0.01574	0.01454	0	0	0	0	0	0	0	0.00461	0.00886	0	0	0.04477	0.0235	0.01272	0.00323	0.00892	0	0	0.45615	0.41857	0	0	0	0	0.01203	0.01351
k__Bacteria|p__Actinobacteria|c__Actinobacteria|o__Coriobacteriales|f__Coriobacteriaceae|g__Gordonibacter|s__Gordonibacter_pamelaeae|t__GCF_000210055	0	0	0	0	0	0	0	0.01574	0.01454	0	0	0	0	0	0	0	0.00461	0.00886	0	0	0.04477	0.0235	0.01272	0.00323	0.00892	0	0	0.45615	0.41857	0	0	0	0	0.01203	0.01351
k__Bacteria|p__Bacteroidetes	30.83548	100.0	100.0	100.0	100.0	99.26797	100.0	92.66246	91.41701	97.80422	96.74743	97.66031	91.27556	93.56075	99.90172	99.92821	98.99685	98.84335	88.07672	89.4078	97.28552	98.04188	80.91517	96.96448	96.42996	96.37223	96.73971	73.44191	81.32753	86.74246	87.67866	100.0	100.0	98.34616	98.81458
k__Bacteria|p__Bacteroidetes|c__Bacteroidia	30.83548	100.0	100.0	100.0	100.0	99.26797	100.0	92.66246	91.41701	97.80422	96.74743	97.66031	91.27556	93.56075	99.90172	99.92821	98.99685	98.84335	88.07672	89.4078	97.28552	98.04188	80.91517	96.96448	96.42996	96.37223	96.73971	73.44191	81.32753	86.74246	87.67866	100.0	100.0	98.34616	98.81458
k__Bacteria|p__Bacteroidetes|c__Bacteroidia|o__Bacteroidales	30.83548	100.0	100.0	100.0	100.0	99.26797	100.0	92.66246	91.41701	97.80422	96.74743	97.66031	91.27556	93.56075	99.90172	99.92821	98.99685	98.84335	88.07672	89.4078	97.28552	98.04188	80.91517	96.96448	96.42996	96.37223	96.73971	73.44191	81.32753	86.74246	87.67866	100.0	100.0	98.34616	98.81458
k__Bacteria|p__Bacteroidetes|c__Bacteroidia|o__Bacteroidales|f__Bacteroidaceae	28.93217	100.0	100.0	95.02297	77.27257	89.94883	98.72586	84.51788	82.57179	88.52505	88.28336	89.59777	52.3717	53.86473	39.9576	40.65568	89.2207	88.97832	88.07289	89.35505	92.75614	94.11428	65.62614	65.85872	64.69177	95.68064	96.1959	71.00124	78.4693	75.04147	75.71888	94.87391	100.0	78.8634	79.40697
k__Bacteria|p__Bacteroidetes|c__Bacteroidia|o__Bacteroidales|f__Bacteroidaceae|g__Bacteroides	28.93217	100.0	100.0	95.02297	77.27257	89.94883	98.72586	84.51788	82.57179	88.52505	88.28336	89.59777	52.3717	53.86473	39.9576	40.65568	89.2207	88.97832	88.07289	89.35505	92.75614	94.11428	65.62614	65.85872	64.69177	95.68064	96.1959	71.00124	78.4693	75.04147	75.71888	94.87391	100.0	78.8634	79.40697
k__Bacteria|p__Bacteroidetes|c__Bacteroidia|o__Bacteroidales|f__Bacteroidaceae|g__Bacteroides|s__Bacteroides_barnesiae	0	0	0	0	0	0	0	0	0	0	0	0	0	0	0	0	0.479	0.46117	0	0	0	0	0	0	0	0	0	0	0	0	0	0	0	0	0
k__Bacteria|p__Bacteroidetes|c__Bacteroidia|o__Bacteroidales|f__Bacteroidaceae|g__Bacteroides|s__Bacteroides_barnesiae|t__GCF_000374585	0	0	0	0	0	0	0	0	0	0	0	0	0	0	0	0	0.479	0.46117	0	0	0	0	0	0	0	0	0	0	0	0	0	0	0	0	0
k__Bacteria|p__Bacteroidetes|c__Bacteroidia|o__Bacteroidales|f__Bacteroidaceae|g__Bacteroides|s__Bacteroides_caccae	0	0	0	0	0	0	0	0.02581	0.03338	1.71437	0.5956	0.65556	0	0	0	0	7.72888	7.50397	0	0	0	0	0.93236	0.80289	0.79281	0	0	0	0	4.52215	4.49851	0	0	1.77512	2.0968
k__Bacteria|p__Bacteroidetes|c__Bacteroidia|o__Bacteroidales|f__Bacteroidaceae|g__Bacteroides|s__Bacteroides_caccae|t__Bacteroides_caccae_unclassified	0	0	0	0	0	0	0	0.02581	0.03338	1.71437	0.5956	0.65556	0	0	0	0	7.72888	7.50397	0	0	0	0	0.93236	0.80289	0.79281	0	0	0	0	4.52215	4.49851	0	0	1.77512	2.0968
k__Bacteria|p__Bacteroidetes|c__Bacteroidia|o__Bacteroidales|f__Bacteroidaceae|g__Bacteroides|s__Bacteroides_cellulosilyticus	0	0	0	13.51931	23.8912	0	0	0	0	0	0.12525	0.14184	0	0	0	0	0.0882	0.07582	0	0	0	0	0	0	0	0	0	0	0	0	0	0	0	0	0
k__Bacteria|p__Bacteroidetes|c__Bacteroidia|o__Bacteroidales|f__Bacteroidaceae|g__Bacteroides|s__Bacteroides_cellulosilyticus|t__Bacteroides_cellulosilyticus_unclassified	0	0	0	13.51931	23.8912	0	0	0	0	0	0.12525	0.14184	0	0	0	0	0.0882	0.07582	0	0	0	0	0	0	0	0	0	0	0	0	0	0	0	0	0
k__Bacteria|p__Bacteroidetes|c__Bacteroidia|o__Bacteroidales|f__Bacteroidaceae|g__Bacteroides|s__Bacteroides_clarus	0	0	0	0	0	0	0	0	0	0.41627	3.93287	4.15812	0	0	0	0	0	0	0	0	0	0	0	0	0	0.00649	0.00085	0	0	0.78021	0.70548	0	0	0.01472	0.01783
k__Bacteria|p__Bacteroidetes|c__Bacteroidia|o__Bacteroidales|f__Bacteroidaceae|g__Bacteroides|s__Bacteroides_clarus|t__GCF_000195615	0	0	0	0	0	0	0	0	0	0.41627	3.93287	4.15812	0	0	0	0	0	0	0	0	0	0	0	0	0	0.00649	0.00085	0	0	0.78021	0.70548	0	0	0.01472	0.01783
k__Bacteria|p__Bacteroidetes|c__Bacteroidia|o__Bacteroidales|f__Bacteroidaceae|g__Bacteroides|s__Bacteroides_coprocola	0	0	0	0	0	40.98559	36.39415	44.65957	43.21394	0	0	0	0	0	0	0	0.00259	0.0016	0	0	0	0	0	0.00764	0.01438	0.00626	0.00382	0	0	0	0.00596	0	0	0	0
k__Bacteria|p__Bacteroidetes|c__Bacteroidia|o__Bacteroidales|f__Bacteroidaceae|g__Bacteroides|s__Bacteroides_coprocola|t__GCF_000154845	0	0	0	0	0	40.98559	36.39415	44.65957	43.21394	0	0	0	0	0	0	0	0.00259	0.0016	0	0	0	0	0	0.00764	0.01438	0.00626	0.00382	0	0	0	0.00596	0	0	0	0
k__Bacteria|p__Bacteroidetes|c__Bacteroidia|o__Bacteroidales|f__Bacteroidaceae|g__Bacteroides|s__Bacteroides_dorei	5.38578	0	0	56.23962	5.38517	2.07624	12.01817	0.45332	0.5058	0.03939	0.17765	0.03771	2.70974	2.35958	2.86455	2.55677	1.83434	2.19464	0	0.00254	0	0	0	0	0	0.02268	0.0191	0	0	0.08034	0.04827	37.86545	51.6729	0.18999	0.22116
k__Bacteria|p__Bacteroidetes|c__Bacteroidia|o__Bacteroidales|f__Bacteroidaceae|g__Bacteroides|s__Bacteroides_dorei|t__Bacteroides_dorei_unclassified	5.38578	0	0	56.23962	5.38517	2.07624	12.01817	0.45332	0.5058	0.03939	0.17765	0.03771	2.70974	2.35958	2.86455	2.55677	1.83434	2.19464	0	0.00254	0	0	0	0	0	0.02268	0.0191	0	0	0.08034	0.04827	37.86545	51.6729	0.18999	0.22116
k__Bacteria|p__Bacteroidetes|c__Bacteroidia|o__Bacteroidales|f__Bacteroidaceae|g__Bacteroides|s__Bacteroides_eggerthii	0	0	0	0	0	0	0	0.00069	0.00143	0	0	0	0	0	0	0	0.0162	0.0199	0	0	0	0	9.02463	20.07885	19.57546	0	0	0	0	1.1339	1.10822	5.86339	0	38.43698	42.26415
k__Bacteria|p__Bacteroidetes|c__Bacteroidia|o__Bacteroidales|f__Bacteroidaceae|g__Bacteroides|s__Bacteroides_eggerthii|t__Bacteroides_eggerthii_unclassified	0	0	0	0	0	0	0	0.00069	0.00143	0	0	0	0	0	0	0	0.0162	0.0199	0	0	0	0	9.02463	20.07885	19.57546	0	0	0	0	1.1339	1.10822	5.86339	0	38.43698	42.26415
k__Bacteria|p__Bacteroidetes|c__Bacteroidia|o__Bacteroidales|f__Bacteroidaceae|g__Bacteroides|s__Bacteroides_faecis	0	0	1.13332	0	0	0	0	0	0	0	1.49151	1.56594	0	0	0	0	0.0015	0.00087	0	0	0	0	0	0	0	0	0	0	0	0	0	1.30183	0	0.64246	0.69159
k__Bacteria|p__Bacteroidetes|c__Bacteroidia|o__Bacteroidales|f__Bacteroidaceae|g__Bacteroides|s__Bacteroides_faecis|t__GCF_000226135	0	0	1.13332	0	0	0	0	0	0	0	1.49151	1.56594	0	0	0	0	0.0015	0.00087	0	0	0	0	0	0	0	0	0	0	0	0	0	1.30183	0	0.64246	0.69159
k__Bacteria|p__Bacteroidetes|c__Bacteroidia|o__Bacteroidales|f__Bacteroidaceae|g__Bacteroides|s__Bacteroides_finegoldii	0.96156	0	0	0	0	0	0	0	0	14.6958	5.65301	5.6285	0	0	0	0	0.89832	0.88974	0	0	0	0	0	0	0	0	0	0	0	0	0	0	0	1.1718	1.39544
k__Bacteria|p__Bacteroidetes|c__Bacteroidia|o__Bacteroidales|f__Bacteroidaceae|g__Bacteroides|s__Bacteroides_finegoldii|t__Bacteroides_finegoldii_unclassified	0.96156	0	0	0	0	0	0	0	0	14.6958	5.65301	5.6285	0	0	0	0	0.89832	0.88974	0	0	0	0	0	0	0	0	0	0	0	0	0	0	0	1.1718	1.39544
k__Bacteria|p__Bacteroidetes|c__Bacteroidia|o__Bacteroidales|f__Bacteroidaceae|g__Bacteroides|s__Bacteroides_fragilis	18.02177	0	0	0	0	0	0	0	0	0	0	0	0	0	0	0	0	0	17.71842	18.13987	6.20643	6.78928	0.13302	0.37273	0.37296	0	0	0	0	0.12256	0.10302	0	0	3.89532	4.38907
k__Bacteria|p__Bacteroidetes|c__Bacteroidia|o__Bacteroidales|f__Bacteroidaceae|g__Bacteroides|s__Bacteroides_fragilis|t__Bacteroides_fragilis_unclassified	18.02177	0	0	0	0	0	0	0	0	0	0	0	0	0	0	0	0	0	17.71842	18.13987	6.20643	6.78928	0.13302	0.37273	0.37296	0	0	0	0	0.12256	0.10302	0	0	3.89532	4.38907
k__Bacteria|p__Bacteroidetes|c__Bacteroidia|o__Bacteroidales|f__Bacteroidaceae|g__Bacteroides|s__Bacteroides_intestinalis	0	0	0	0	0	0	0	0	0	0	0	0	0	0	0	0	0	0	0	0	0	0	0	0	0	13.44381	13.7911	6.66086	7.48596	0	0	0	0	0	0
k__Bacteria|p__Bacteroidetes|c__Bacteroidia|o__Bacteroidales|f__Bacteroidaceae|g__Bacteroides|s__Bacteroides_intestinalis|t__GCF_000172175	0	0	0	0	0	0	0	0	0	0	0	0	0	0	0	0	0	0	0	0	0	0	0	0	0	13.44381	13.7911	6.66086	7.48596	0	0	0	0	0	0
k__Bacteria|p__Bacteroidetes|c__Bacteroidia|o__Bacteroidales|f__Bacteroidaceae|g__Bacteroides|s__Bacteroides_massiliensis	0	18.10395	14.08658	0	0	0	0	0.0091	0.01155	18.40796	22.81861	23.18801	0	0.00128	0	0	12.37104	12.34851	0	0	0	0	0	0.0123	0.01536	0	0	0	0	0	0	0	0	0	0.00394
k__Bacteria|p__Bacteroidetes|c__Bacteroidia|o__Bacteroidales|f__Bacteroidaceae|g__Bacteroides|s__Bacteroides_massiliensis|t__Bacteroides_massiliensis_unclassified	0	18.10395	14.08658	0	0	0	0	0.0091	0.01155	18.40796	22.81861	23.18801	0	0.00128	0	0	12.37104	12.34851	0	0	0	0	0	0.0123	0.01536	0	0	0	0	0	0	0	0	0	0.00394
k__Bacteria|p__Bacteroidetes|c__Bacteroidia|o__Bacteroidales|f__Bacteroidaceae|g__Bacteroides|s__Bacteroides_nordii	0	0	0	0	0	0	0	0	0	0	0	0	0	0	0	0	0.01887	0.02018	0	0	0	0	0	0	0	0	0	0	0	0	0	0	0	0	0
k__Bacteria|p__Bacteroidetes|c__Bacteroidia|o__Bacteroidales|f__Bacteroidaceae|g__Bacteroides|s__Bacteroides_nordii|t__GCF_000273175	0	0	0	0	0	0	0	0	0	0	0	0	0	0	0	0	0.01887	0.02018	0	0	0	0	0	0	0	0	0	0	0	0	0	0	0	0	0
k__Bacteria|p__Bacteroidetes|c__Bacteroidia|o__Bacteroidales|f__Bacteroidaceae|g__Bacteroides|s__Bacteroides_ovatus	0.49439	2.7967	7.87921	4.70589	20.55866	0	0	0	0	20.37132	14.66144	15.3005	0	0	0	0.00029	0.67923	0.67378	31.59894	32.22024	14.98174	15.12242	18.21483	10.59891	10.31319	0	0.00049	0	0	23.91065	23.91558	2.14928	0	0.13925	0.16104
k__Bacteria|p__Bacteroidetes|c__Bacteroidia|o__Bacteroidales|f__Bacteroidaceae|g__Bacteroides|s__Bacteroides_ovatus|t__Bacteroides_ovatus_unclassified	0.49439	2.7967	7.87921	4.70589	20.55866	0	0	0	0	20.37132	14.66144	15.3005	0	0	0	0.00029	0.67923	0.67378	31.59894	32.22024	14.98174	15.12242	18.21483	10.59891	10.31319	0	0.00049	0	0	23.91065	23.91558	2.14928	0	0.13925	0.16104
k__Bacteria|p__Bacteroidetes|c__Bacteroidia|o__Bacteroidales|f__Bacteroidaceae|g__Bacteroides|s__Bacteroides_plebeius	0.16692	0	0	0	0	0	0	0	0	0	0	0	0	0	0	0	0	0	0	0	0	0	6.76661	7.55355	7.19389	0	0	0	0	0	0	14.45499	0	0	0
k__Bacteria|p__Bacteroidetes|c__Bacteroidia|o__Bacteroidales|f__Bacteroidaceae|g__Bacteroides|s__Bacteroides_plebeius|t__GCF_000187895	0.16692	0	0	0	0	0	0	0	0	0	0	0	0	0	0	0	0	0	0	0	0	0	6.76661	7.55355	7.19389	0	0	0	0	0	0	14.45499	0	0	0
k__Bacteria|p__Bacteroidetes|c__Bacteroidia|o__Bacteroidales|f__Bacteroidaceae|g__Bacteroides|s__Bacteroides_salyersiae	0	0	0	0	0	0	0	0	0	0	1.87992	1.93754	0	0	0	0	0	0	0	0	0	0	0	0	0	0	0	0	0	0	0	0	0	0	0
k__Bacteria|p__Bacteroidetes|c__Bacteroidia|o__Bacteroidales|f__Bacteroidaceae|g__Bacteroides|s__Bacteroides_salyersiae|t__Bacteroides_salyersiae_unclassified	0	0	0	0	0	0	0	0	0	0	1.87992	1.93754	0	0	0	0	0	0	0	0	0	0	0	0	0	0	0	0	0	0	0	0	0	0	0
k__Bacteria|p__Bacteroidetes|c__Bacteroidia|o__Bacteroidales|f__Bacteroidaceae|g__Bacteroides|s__Bacteroides_sp_1_1_6	0	0	0	0	27.43753	0	0	0	0	0	0	0	0	0	0	0	0	0	0	0	0	0	0	0	0	0	0	0	0	0	0	0	0	0	0
k__Bacteria|p__Bacteroidetes|c__Bacteroidia|o__Bacteroidales|f__Bacteroidaceae|g__Bacteroides|s__Bacteroides_sp_1_1_6|t__GCF_000159875	0	0	0	0	27.43753	0	0	0	0	0	0	0	0	0	0	0	0	0	0	0	0	0	0	0	0	0	0	0	0	0	0	0	0	0	0
k__Bacteria|p__Bacteroidetes|c__Bacteroidia|o__Bacteroidales|f__Bacteroidaceae|g__Bacteroides|s__Bacteroides_sp_2_1_22	0	0	0	0	0	0	0	0	0	0	0	0	0	0	0	0	0.78014	0.78659	0	0	0	0	0	0	0	0	0	0	0	0	0	0	0	0	0
k__Bacteria|p__Bacteroidetes|c__Bacteroidia|o__Bacteroidales|f__Bacteroidaceae|g__Bacteroides|s__Bacteroides_sp_2_1_22|t__GCF_000162155	0	0	0	0	0	0	0	0	0	0	0	0	0	0	0	0	0.78014	0.78659	0	0	0	0	0	0	0	0	0	0	0	0	0	0	0	0	0
k__Bacteria|p__Bacteroidetes|c__Bacteroidia|o__Bacteroidales|f__Bacteroidaceae|g__Bacteroides|s__Bacteroides_stercoris	0	12.65763	19.59056	0	0	12.42832	5.44576	13.53838	13.63913	11.32214	18.20914	17.24799	0	0	0	0	31.49626	31.4756	0	0	0	0	2.63547	14.18895	14.19541	0	0	0	0	0	0	2.38808	0	14.15121	14.98246
k__Bacteria|p__Bacteroidetes|c__Bacteroidia|o__Bacteroidales|f__Bacteroidaceae|g__Bacteroides|s__Bacteroides_stercoris|t__Bacteroides_stercoris_unclassified	0	12.65763	19.59056	0	0	12.42832	5.44576	13.53838	13.63913	11.32214	18.20914	17.24799	0	0	0	0	31.49626	31.4756	0	0	0	0	2.63547	14.18895	14.19541	0	0	0	0	0	0	2.38808	0	14.15121	14.98246
k__Bacteria|p__Bacteroidetes|c__Bacteroidia|o__Bacteroidales|f__Bacteroidaceae|g__Bacteroides|s__Bacteroides_thetaiotaomicron	0	0	0	20.55815	0	6.94391	6.54201	2.61191	2.574	2.07543	1.5933	1.83324	0	0	0	0	0.22282	0.22633	0	0.00434	0	0	3.61349	5.38102	5.32627	0	0	0	0	0	0	1.03468	0	1.13605	1.29171
k__Bacteria|p__Bacteroidetes|c__Bacteroidia|o__Bacteroidales|f__Bacteroidaceae|g__Bacteroides|s__Bacteroides_thetaiotaomicron|t__Bacteroides_thetaiotaomicron_unclassified	0	0	0	20.55815	0	6.94391	6.54201	2.61191	2.574	2.07543	1.5933	1.83324	0	0	0	0	0.22282	0.22633	0	0.00434	0	0	3.61349	5.38102	5.32627	0	0	0	0	0	0	1.03468	0	1.13605	1.29171
k__Bacteria|p__Bacteroidetes|c__Bacteroidia|o__Bacteroidales|f__Bacteroidaceae|g__Bacteroides|s__Bacteroides_uniformis	3.71978	13.25219	14.3851	0	0	16.78511	7.62082	13.84384	13.8214	1.38968	5.54037	5.79654	0	0.00251	0	0.00367	3.94359	3.94842	0	0.00408	0	0	24.30572	6.85047	6.88233	0.00773	0.00621	0	0	3.06321	3.0571	17.85455	0	12.75319	6.76063
k__Bacteria|p__Bacteroidetes|c__Bacteroidia|o__Bacteroidales|f__Bacteroidaceae|g__Bacteroides|s__Bacteroides_uniformis|t__Bacteroides_uniformis_unclassified	3.71978	13.25219	14.3851	0	0	16.78511	7.62082	13.84384	13.8214	1.38968	5.54037	5.79654	0	0.00251	0	0.00367	3.94359	3.94842	0	0.00408	0	0	24.30572	6.85047	6.88233	0.00773	0.00621	0	0	3.06321	3.0571	17.85455	0	12.75319	6.76063
k__Bacteria|p__Bacteroidetes|c__Bacteroidia|o__Bacteroidales|f__Bacteroidaceae|g__Bacteroides|s__Bacteroides_vulgatus	0.18197	53.18954	42.92524	0	0	10.72966	30.70496	9.37527	8.77115	17.90631	11.60468	12.10627	49.66196	51.50136	37.09305	38.09495	28.65974	28.35119	38.75553	38.98398	71.56798	72.20258	0	0.01143	0.00971	82.19366	82.37433	64.34037	70.98335	41.42845	42.27674	11.96167	48.3271	4.5573	5.13115
k__Bacteria|p__Bacteroidetes|c__Bacteroidia|o__Bacteroidales|f__Bacteroidaceae|g__Bacteroides|s__Bacteroides_vulgatus|t__Bacteroides_vulgatus_unclassified	0.18197	53.18954	42.92524	0	0	10.72966	30.70496	9.37527	8.77115	17.90631	11.60468	12.10627	49.66196	51.50136	37.09305	38.09495	0	0	38.75553	38.98398	71.56798	72.20258	0	0.01143	0.00971	82.19366	82.37433	64.34037	70.98335	41.42845	42.27674	11.96167	48.3271	4.5573	5.13115
k__Bacteria|p__Bacteroidetes|c__Bacteroidia|o__Bacteroidales|f__Bacteroidaceae|g__Bacteroides|s__Bacteroides_vulgatus|t__GCF_000273295	0	0	0	0	0	0	0	0	0	0	0	0	0	0	0	0	28.65974	28.35119	0	0	0	0	0	0	0	0	0	0	0	0	0	0	0	0	0
k__Bacteria|p__Bacteroidetes|c__Bacteroidia|o__Bacteroidales|f__Bacteroidaceae|g__Bacteroides|s__Bacteroides_xylanisolvens	0	0	0	0	0	0	0	0	0	0.18638	0	0	0	0	0	0	0	0	0	0	0	0	0	0	0	0	0	0	0	0	0	0	0	0	0
k__Bacteria|p__Bacteroidetes|c__Bacteroidia|o__Bacteroidales|f__Bacteroidaceae|g__Bacteroides|s__Bacteroides_xylanisolvens|t__Bacteroides_xylanisolvens_unclassified	0	0	0	0	0	0	0	0	0	0.18638	0	0	0	0	0	0	0	0	0	0	0	0	0	0	0	0	0	0	0	0	0	0	0	0	0
k__Bacteria|p__Bacteroidetes|c__Bacteroidia|o__Bacteroidales|f__Bacteroidales_noname	0	0	0	0	0	0	0	0	0	0	0	0	0	0	0	0	0	0.0028	0	0	0	0	0	0	0	0.52827	0.39842	0.3186	0.29239	0.26312	0.21162	0	0	0	0
k__Bacteria|p__Bacteroidetes|c__Bacteroidia|o__Bacteroidales|f__Bacteroidales_noname|g__Bacteroidales_noname	0	0	0	0	0	0	0	0	0	0	0	0	0	0	0	0	0	0.0028	0	0	0	0	0	0	0	0.52827	0.39842	0.3186	0.29239	0.26312	0.21162	0	0	0	0
k__Bacteria|p__Bacteroidetes|c__Bacteroidia|o__Bacteroidales|f__Bacteroidales_noname|g__Bacteroidales_noname|s__Bacteroidales_bacterium_ph8	0	0	0	0	0	0	0	0	0	0	0	0	0	0	0	0	0	0.0028	0	0	0	0	0	0	0	0.52827	0.39842	0.3186	0.29239	0.26312	0.21162	0	0	0	0
k__Bacteria|p__Bacteroidetes|c__Bacteroidia|o__Bacteroidales|f__Bacteroidales_noname|g__Bacteroidales_noname|s__Bacteroidales_bacterium_ph8|t__GCF_000311925	0	0	0	0	0	0	0	0	0	0	0	0	0	0	0	0	0	0.0028	0	0	0	0	0	0	0	0.52827	0.39842	0.3186	0.29239	0.26312	0.21162	0	0	0	0
k__Bacteria|p__Bacteroidetes|c__Bacteroidia|o__Bacteroidales|f__Porphyromonadaceae	1.52237	0	0	4.97703	17.00936	9.31914	1.27414	6.42784	6.88897	8.15495	8.22015	7.90156	0	0	10.95015	11.15653	5.63964	5.43825	0	0.02608	2.62473	2.63246	5.453	15.27858	14.70356	0.01418	0.00855	0.15635	0.89034	9.22953	9.61048	4.79862	0	8.32317	9.17272
k__Bacteria|p__Bacteroidetes|c__Bacteroidia|o__Bacteroidales|f__Porphyromonadaceae|g__Barnesiella	0	0	0	0	0	0	0	0	0	1.22126	2.72199	2.64055	0	0	10.95015	11.15653	0.86211	0.84478	0	0	0	0	2.72674	11.56845	11.60652	0	0	0	0	1.38512	1.41871	2.97296	0	4.92649	5.24744
k__Bacteria|p__Bacteroidetes|c__Bacteroidia|o__Bacteroidales|f__Porphyromonadaceae|g__Barnesiella|s__Barnesiella_intestinihominis	0	0	0	0	0	0	0	0	0	1.22126	2.72199	2.64055	0	0	10.95015	11.15653	0.86211	0.84478	0	0	0	0	2.72674	11.56845	11.60652	0	0	0	0	1.38512	1.41871	2.97296	0	4.92649	5.24744
k__Bacteria|p__Bacteroidetes|c__Bacteroidia|o__Bacteroidales|f__Porphyromonadaceae|g__Barnesiella|s__Barnesiella_intestinihominis|t__GCF_000296465	0	0	0	0	0	0	0	0	0	1.22126	2.72199	2.64055	0	0	10.95015	11.15653	0.86211	0.84478	0	0	0	0	2.72674	11.56845	11.60652	0	0	0	0	1.38512	1.41871	2.97296	0	4.92649	5.24744
k__Bacteria|p__Bacteroidetes|c__Bacteroidia|o__Bacteroidales|f__Porphyromonadaceae|g__Butyricimonas	0	0	0	0	0	0	0	0	0	0	0	0.00116	0	0	0	0	0	0	0	0	0	0	0.00494	0.00165	0.00202	0	0	0	0	0	0	0	0	0	0.00087
k__Bacteria|p__Bacteroidetes|c__Bacteroidia|o__Bacteroidales|f__Porphyromonadaceae|g__Butyricimonas|s__Butyricimonas_synergistica	0	0	0	0	0	0	0	0	0	0	0	0.00116	0	0	0	0	0	0	0	0	0	0	0.00494	0.00165	0.00202	0	0	0	0	0	0	0	0	0	0.00087
k__Bacteria|p__Bacteroidetes|c__Bacteroidia|o__Bacteroidales|f__Porphyromonadaceae|g__Butyricimonas|s__Butyricimonas_synergistica|t__GCF_000379665	0	0	0	0	0	0	0	0	0	0	0	0.00116	0	0	0	0	0	0	0	0	0	0	0.00494	0.00165	0.00202	0	0	0	0	0	0	0	0	0	0.00087
k__Bacteria|p__Bacteroidetes|c__Bacteroidia|o__Bacteroidales|f__Porphyromonadaceae|g__Coprobacter	0	0	0	0	0	0	0	0	0	0.09441	0.13815	0.18607	0	0	0	0	0.09724	0.08054	0	0	0	0	0	0	0	0	0	0	0	0	0	0	0	0	0
k__Bacteria|p__Bacteroidetes|c__Bacteroidia|o__Bacteroidales|f__Porphyromonadaceae|g__Coprobacter|s__Coprobacter_fastidiosus	0	0	0	0	0	0	0	0	0	0.09441	0.13815	0.18607	0	0	0	0	0.09724	0.08054	0	0	0	0	0	0	0	0	0	0	0	0	0	0	0	0	0
k__Bacteria|p__Bacteroidetes|c__Bacteroidia|o__Bacteroidales|f__Porphyromonadaceae|g__Coprobacter|s__Coprobacter_fastidiosus|t__GCF_000473955	0	0	0	0	0	0	0	0	0	0.09441	0.13815	0.18607	0	0	0	0	0.09724	0.08054	0	0	0	0	0	0	0	0	0	0	0	0	0	0	0	0	0
k__Bacteria|p__Bacteroidetes|c__Bacteroidia|o__Bacteroidales|f__Porphyromonadaceae|g__Odoribacter	0	0	0	0	0	0	0	1.52084	1.46052	0.26823	0.50538	0.52044	0	0	0	0	0.18373	0.17902	0	0	2.62473	2.63246	0.65659	0.9389	0.92317	0	0	0.15635	0.89034	0.17363	0.18955	0	0	1.62073	1.88394
k__Bacteria|p__Bacteroidetes|c__Bacteroidia|o__Bacteroidales|f__Porphyromonadaceae|g__Odoribacter|s__Odoribacter_splanchnicus	0	0	0	0	0	0	0	1.52084	1.46052	0.26823	0.50538	0.52044	0	0	0	0	0.18373	0.17902	0	0	2.62473	2.63246	0.65659	0.9389	0.92317	0	0	0	0.89034	0	0	0	0	1.62073	1.88394
k__Bacteria|p__Bacteroidetes|c__Bacteroidia|o__Bacteroidales|f__Porphyromonadaceae|g__Odoribacter|s__Odoribacter_splanchnicus|t__GCF_000190535	0	0	0	0	0	0	0	1.52084	1.46052	0.26823	0.50538	0.52044	0	0	0	0	0.18373	0.17902	0	0	2.62473	2.63246	0.65659	0.9389	0.92317	0	0	0	0.89034	0	0	0	0	1.62073	1.88394
k__Bacteria|p__Bacteroidetes|c__Bacteroidia|o__Bacteroidales|f__Porphyromonadaceae|g__Odoribacter|s__Odoribacter_unclassified	0	0	0	0	0	0	0	0	0	0	0	0	0	0	0	0	0	0	0	0	0	0	0	0	0	0	0	0.15635	0	0.17363	0.18955	0	0	0	0
k__Bacteria|p__Bacteroidetes|c__Bacteroidia|o__Bacteroidales|f__Porphyromonadaceae|g__Parabacteroides	1.52237	0	0	4.97703	17.00936	9.31914	1.27414	4.907	5.42845	6.57105	4.85462	4.55334	0	0	0	0	4.49657	4.33391	0	0.02608	0	0	2.06473	2.76958	2.17186	0.01418	0.00855	0	0	7.67078	8.00221	1.82566	0	1.77595	2.04047
k__Bacteria|p__Bacteroidetes|c__Bacteroidia|o__Bacteroidales|f__Porphyromonadaceae|g__Parabacteroides|s__Parabacteroides_distasonis	0.73443	0	0	0	0	0	0.70264	0	0	0.42951	0.46215	0.34	0	0	0	0	0.05451	0.16247	0	0	0	0	0	0	0.00318	0	0	0	0	4.76766	5.01033	0	0	0	0.00265
k__Bacteria|p__Bacteroidetes|c__Bacteroidia|o__Bacteroidales|f__Porphyromonadaceae|g__Parabacteroides|s__Parabacteroides_distasonis|t__Parabacteroides_distasonis_unclassified	0.73443	0	0	0	0	0	0.70264	0	0	0.42951	0.46215	0.34	0	0	0	0	0.05451	0.16247	0	0	0	0	0	0	0.00318	0	0	0	0	4.76766	5.01033	0	0	0	0.00265
k__Bacteria|p__Bacteroidetes|c__Bacteroidia|o__Bacteroidales|f__Porphyromonadaceae|g__Parabacteroides|s__Parabacteroides_goldsteinii	0	0	0	0	0	0	0	0	0	0	0	0.0012	0	0	0	0	0	0	0	0	0	0	0	0	0	0	0	0	0	0	0	0	0	0	0
k__Bacteria|p__Bacteroidetes|c__Bacteroidia|o__Bacteroidales|f__Porphyromonadaceae|g__Parabacteroides|s__Parabacteroides_goldsteinii|t__Parabacteroides_goldsteinii_unclassified	0	0	0	0	0	0	0	0	0	0	0	0.0012	0	0	0	0	0	0	0	0	0	0	0	0	0	0	0	0	0	0	0	0	0	0	0
k__Bacteria|p__Bacteroidetes|c__Bacteroidia|o__Bacteroidales|f__Porphyromonadaceae|g__Parabacteroides|s__Parabacteroides_johnsonii	0	0	0	4.97703	16.99861	0	0	0	0	0.19242	0.429	0.41615	0	0	0	0	0	0	0	0	0	0	0	0	0	0	0	0	0	0.088	0.09585	0	0	0	0
k__Bacteria|p__Bacteroidetes|c__Bacteroidia|o__Bacteroidales|f__Porphyromonadaceae|g__Parabacteroides|s__Parabacteroides_johnsonii|t__Parabacteroides_johnsonii_unclassified	0	0	0	4.97703	16.99861	0	0	0	0	0.19242	0.429	0.41615	0	0	0	0	0	0	0	0	0	0	0	0	0	0	0	0	0	0.088	0.09585	0	0	0	0
k__Bacteria|p__Bacteroidetes|c__Bacteroidia|o__Bacteroidales|f__Porphyromonadaceae|g__Parabacteroides|s__Parabacteroides_merdae	0.40198	0	0	0	0.01076	0	0	0	0	0.75374	0.93089	0.93518	0	0	0	0	2.39763	2.38902	0	0	0	0	0	0	0	0	0	0	0	2.81511	2.89603	1.82566	0	1.13357	1.33248
k__Bacteria|p__Bacteroidetes|c__Bacteroidia|o__Bacteroidales|f__Porphyromonadaceae|g__Parabacteroides|s__Parabacteroides_merdae|t__Parabacteroides_merdae_unclassified	0.40198	0	0	0	0.01076	0	0	0	0	0.75374	0.93089	0.93518	0	0	0	0	2.39763	2.38902	0	0	0	0	0	0	0	0	0	0	0	2.81511	2.89603	1.82566	0	1.13357	1.33248
k__Bacteria|p__Bacteroidetes|c__Bacteroidia|o__Bacteroidales|f__Porphyromonadaceae|g__Parabacteroides|s__Parabacteroides_unclassified	0.38596	0	0	0	0	9.31914	0.5715	4.907	5.42845	5.19539	3.03259	2.86081	0	0	0	0	2.04443	1.78242	0	0.02608	0	0	2.06473	2.76958	2.16867	0.01418	0.00855	0	0	0	0	0	0	0.64238	0.70534
k__Bacteria|p__Bacteroidetes|c__Bacteroidia|o__Bacteroidales|f__Prevotellaceae	0.38094	0	0	0	0	0	0	0.00785	0.0057	1.07464	0	0.01138	38.90386	39.69603	48.99397	48.11601	1.95507	1.97537	0.00383	0.02667	0	0.00871	0	0	0	0.11151	0.09444	0.08931	0.09624	2.07023	2.03863	0	0	1.68272	1.77192
k__Bacteria|p__Bacteroidetes|c__Bacteroidia|o__Bacteroidales|f__Prevotellaceae|g__Paraprevotella	0	0	0	0	0	0	0	0	0	0	0	0	0	0	0	0	1.95507	1.97537	0	0	0	0	0	0	0	0	0	0	0	2.07023	2.03384	0	0	1.68272	1.77192
k__Bacteria|p__Bacteroidetes|c__Bacteroidia|o__Bacteroidales|f__Prevotellaceae|g__Paraprevotella|s__Paraprevotella_clara	0	0	0	0	0	0	0	0	0	0	0	0	0	0	0	0	0.879	1.04235	0	0	0	0	0	0	0	0	0	0	0	0	0	0	0	0.61523	0.63019
k__Bacteria|p__Bacteroidetes|c__Bacteroidia|o__Bacteroidales|f__Prevotellaceae|g__Paraprevotella|s__Paraprevotella_clara|t__GCF_000233955	0	0	0	0	0	0	0	0	0	0	0	0	0	0	0	0	0.879	1.04235	0	0	0	0	0	0	0	0	0	0	0	0	0	0	0	0.61523	0.63019
k__Bacteria|p__Bacteroidetes|c__Bacteroidia|o__Bacteroidales|f__Prevotellaceae|g__Paraprevotella|s__Paraprevotella_unclassified	0	0	0	0	0	0	0	0	0	0	0	0	0	0	0	0	1.02825	0.89593	0	0	0	0	0	0	0	0	0	0	0	0.37476	0.30848	0	0	1.04367	1.11794
k__Bacteria|p__Bacteroidetes|c__Bacteroidia|o__Bacteroidales|f__Prevotellaceae|g__Paraprevotella|s__Paraprevotella_xylaniphila	0	0	0	0	0	0	0	0	0	0	0	0	0	0	0	0	0.04782	0.03709	0	0	0	0	0	0	0	0	0	0	0	1.69547	1.72536	0	0	0.02382	0.0238
k__Bacteria|p__Bacteroidetes|c__Bacteroidia|o__Bacteroidales|f__Prevotellaceae|g__Paraprevotella|s__Paraprevotella_xylaniphila|t__GCF_000205165	0	0	0	0	0	0	0	0	0	0	0	0	0	0	0	0	0.04782	0.03709	0	0	0	0	0	0	0	0	0	0	0	1.69547	1.72536	0	0	0.02382	0.0238
k__Bacteria|p__Bacteroidetes|c__Bacteroidia|o__Bacteroidales|f__Prevotellaceae|g__Prevotella	0.38094	0	0	0	0	0	0	0.00785	0.0057	1.07464	0	0.01138	38.90386	39.69603	48.99397	48.11601	0	0	0.00383	0.02667	0	0.00871	0	0	0	0.11151	0.09444	0.08931	0.09624	0	0.00478	0	0	0	0
k__Bacteria|p__Bacteroidetes|c__Bacteroidia|o__Bacteroidales|f__Prevotellaceae|g__Prevotella|s__Prevotella_bivia	0.2734	0	0	0	0	0	0	0.00785	0.0057	1.05651	0	0	0	0	0	0	0	0	0	0	0	0	0	0	0	0	0	0	0	0	0.00478	0	0	0	0
k__Bacteria|p__Bacteroidetes|c__Bacteroidia|o__Bacteroidales|f__Prevotellaceae|g__Prevotella|s__Prevotella_bivia|t__Prevotella_bivia_unclassified	0.2734	0	0	0	0	0	0	0.00785	0.0057	1.05651	0	0	0	0	0	0	0	0	0	0	0	0	0	0	0	0	0	0	0	0	0.00478	0	0	0	0
k__Bacteria|p__Bacteroidetes|c__Bacteroidia|o__Bacteroidales|f__Prevotellaceae|g__Prevotella|s__Prevotella_copri	0.10754	0	0	0	0	0	0	0	0	0.00203	0	0.01138	38.90386	39.69603	48.99397	48.11601	0	0	0.00383	0.02667	0	0.00871	0	0	0	0.11151	0.09444	0.08931	0.09624	0	0	0	0	0	0
k__Bacteria|p__Bacteroidetes|c__Bacteroidia|o__Bacteroidales|f__Prevotellaceae|g__Prevotella|s__Prevotella_copri|t__GCF_000157935	0.10754	0	0	0	0	0	0	0	0	0.00203	0	0.01138	38.90386	39.69603	48.99397	48.11601	0	0	0.00383	0.02667	0	0.00871	0	0	0	0.11151	0.09444	0.08931	0.09624	0	0	0	0	0	0
k__Bacteria|p__Bacteroidetes|c__Bacteroidia|o__Bacteroidales|f__Prevotellaceae|g__Prevotella|s__Prevotella_disiens	0	0	0	0	0	0	0	0	0	0.00249	0	0	0	0	0	0	0	0	0	0	0	0	0	0	0	0	0	0	0	0	0	0	0	0	0
k__Bacteria|p__Bacteroidetes|c__Bacteroidia|o__Bacteroidales|f__Prevotellaceae|g__Prevotella|s__Prevotella_disiens|t__Prevotella_disiens_unclassified	0	0	0	0	0	0	0	0	0	0.00249	0	0	0	0	0	0	0	0	0	0	0	0	0	0	0	0	0	0	0	0	0	0	0	0	0
k__Bacteria|p__Bacteroidetes|c__Bacteroidia|o__Bacteroidales|f__Prevotellaceae|g__Prevotella|s__Prevotella_timonensis	0	0	0	0	0	0	0	0	0	0.01362	0	0	0	0	0	0	0	0	0	0	0	0	0	0	0	0	0	0	0	0	0	0	0	0	0
k__Bacteria|p__Bacteroidetes|c__Bacteroidia|o__Bacteroidales|f__Prevotellaceae|g__Prevotella|s__Prevotella_timonensis|t__GCF_000177055	0	0	0	0	0	0	0	0	0	0.01362	0	0	0	0	0	0	0	0	0	0	0	0	0	0	0	0	0	0	0	0	0	0	0	0	0
k__Bacteria|p__Bacteroidetes|c__Bacteroidia|o__Bacteroidales|f__Rikenellaceae	0	0	0	0	5.71807	0	0	1.70888	1.95055	0.04958	0.24392	0.1496	0	0	0	0	2.18144	2.44861	0	0	1.90465	1.28642	9.83603	15.82718	17.03464	0.03762	0.04241	1.87642	1.57925	0.13811	0.09905	0.32747	0	9.47687	8.46297
k__Bacteria|p__Bacteroidetes|c__Bacteroidia|o__Bacteroidales|f__Rikenellaceae|g__Alistipes	0	0	0	0	5.71807	0	0	1.70888	1.95055	0.04958	0.24392	0.1496	0	0	0	0	2.18144	2.44861	0	0	1.90465	1.28642	9.83603	15.82718	17.03464	0.03762	0.04241	1.87642	1.57925	0.13811	0.09905	0.32747	0	9.47687	8.46297
k__Bacteria|p__Bacteroidetes|c__Bacteroidia|o__Bacteroidales|f__Rikenellaceae|g__Alistipes|s__Alistipes_finegoldii	0	0	0	0	0	0	0	0.01919	0.02454	0	0	0	0	0	0	0	0.04562	0.05776	0	0	0.75773	0.70024	0	0	0	0	0	0	0	0	0	0	0	0.02701	0.02601
k__Bacteria|p__Bacteroidetes|c__Bacteroidia|o__Bacteroidales|f__Rikenellaceae|g__Alistipes|s__Alistipes_finegoldii|t__GCF_000265365	0	0	0	0	0	0	0	0.01919	0.02454	0	0	0	0	0	0	0	0.04562	0.05776	0	0	0.75773	0.70024	0	0	0	0	0	0	0	0	0	0	0	0.02701	0.02601
k__Bacteria|p__Bacteroidetes|c__Bacteroidia|o__Bacteroidales|f__Rikenellaceae|g__Alistipes|s__Alistipes_indistinctus	0	0	0	0	0	0	0	0	0	0	0	0	0	0	0	0	0.02587	0.0287	0	0	0	0	0	0	0	0	0	0	0	0	0	0	0	0	0
k__Bacteria|p__Bacteroidetes|c__Bacteroidia|o__Bacteroidales|f__Rikenellaceae|g__Alistipes|s__Alistipes_indistinctus|t__GCF_000231275	0	0	0	0	0	0	0	0	0	0	0	0	0	0	0	0	0.02587	0.0287	0	0	0	0	0	0	0	0	0	0	0	0	0	0	0	0	0
k__Bacteria|p__Bacteroidetes|c__Bacteroidia|o__Bacteroidales|f__Rikenellaceae|g__Alistipes|s__Alistipes_onderdonkii	0	0	0	0	0.18234	0	0	1.68969	1.92601	0.00712	0.04272	0.03465	0	0	0	0	0.05982	0.06422	0	0	0	0	2.60922	1.1383	1.32268	0	0	1.49549	1.27704	0.00172	0	0	0	2.11171	1.70205
k__Bacteria|p__Bacteroidetes|c__Bacteroidia|o__Bacteroidales|f__Rikenellaceae|g__Alistipes|s__Alistipes_onderdonkii|t__GCF_000374505	0	0	0	0	0.18234	0	0	1.68969	1.92601	0.00712	0.04272	0.03465	0	0	0	0	0.05982	0.06422	0	0	0	0	2.60922	1.1383	1.32268	0	0	1.49549	1.27704	0.00172	0	0	0	2.11171	1.70205
k__Bacteria|p__Bacteroidetes|c__Bacteroidia|o__Bacteroidales|f__Rikenellaceae|g__Alistipes|s__Alistipes_putredinis	0	0	0	0	5.53573	0	0	0	0	0	0	0	0	0	0	0	1.82632	2.0361	0	0	0.04921	0.06469	7.22681	14.30577	15.28088	0.03644	0.04241	0.02275	0.01046	0	0	0.32747	0	7.03239	6.44606
k__Bacteria|p__Bacteroidetes|c__Bacteroidia|o__Bacteroidales|f__Rikenellaceae|g__Alistipes|s__Alistipes_putredinis|t__GCF_000154465	0	0	0	0	5.53573	0	0	0	0	0	0	0	0	0	0	0	1.82632	2.0361	0	0	0.04921	0.06469	7.22681	14.30577	15.28088	0.03644	0.04241	0.02275	0.01046	0	0	0.32747	0	7.03239	6.44606
k__Bacteria|p__Bacteroidetes|c__Bacteroidia|o__Bacteroidales|f__Rikenellaceae|g__Alistipes|s__Alistipes_senegalensis	0	0	0	0	0	0	0	0	0	0	0	0	0	0	0	0	0.00332	0.00376	0	0	0	0	0	0	0	0	0	0	0	0.04618	0.03729	0	0	0	0
k__Bacteria|p__Bacteroidetes|c__Bacteroidia|o__Bacteroidales|f__Rikenellaceae|g__Alistipes|s__Alistipes_senegalensis|t__GCF_000312145	0	0	0	0	0	0	0	0	0	0	0	0	0	0	0	0	0.00332	0.00376	0	0	0	0	0	0	0	0	0	0	0	0.04618	0.03729	0	0	0	0
k__Bacteria|p__Bacteroidetes|c__Bacteroidia|o__Bacteroidales|f__Rikenellaceae|g__Alistipes|s__Alistipes_shahii	0	0	0	0	0	0	0	0	0	0.01621	0.08689	0.05906	0	0	0	0	0.2205	0.25807	0	0	0	0	0	0	0	0	0	0	0	0	0	0	0	0.30577	0.28884
k__Bacteria|p__Bacteroidetes|c__Bacteroidia|o__Bacteroidales|f__Rikenellaceae|g__Alistipes|s__Alistipes_shahii|t__GCF_000210575	0	0	0	0	0	0	0	0	0	0.01621	0.08689	0.05906	0	0	0	0	0.2205	0.25807	0	0	0	0	0	0	0	0	0	0	0	0	0	0	0	0.30577	0.28884
k__Bacteria|p__Bacteroidetes|c__Bacteroidia|o__Bacteroidales|f__Rikenellaceae|g__Alistipes|s__Alistipes_sp_AP11	0	0	0	0	0	0	0	0	0	0	0	0	0	0	0	0	0	0	0	0	0	0	0	0.3831	0.43108	0	0	0	0	0	0	0	0	0	0
k__Bacteria|p__Bacteroidetes|c__Bacteroidia|o__Bacteroidales|f__Rikenellaceae|g__Alistipes|s__Alistipes_sp_AP11|t__GCF_000321205	0	0	0	0	0	0	0	0	0	0	0	0	0	0	0	0	0	0	0	0	0	0	0	0.3831	0.43108	0	0	0	0	0	0	0	0	0	0
k__Bacteria|p__Bacteroidetes|c__Bacteroidia|o__Bacteroidales|f__Rikenellaceae|g__Alistipes|s__Alistipes_unclassified	0	0	0	0	0	0	0	0	0	0.02625	0.11432	0.05589	0	0	0	0	0	0	0	0	1.09771	0.52148	0	0	0	0.00119	0	0.35818	0.29175	0.09021	0.06175	0	0	0	0
k__Bacteria|p__Candidatus_Saccharibacteria	0	0	0	0	0	0	0	0	0	0	0	0	0	0	0	0	0	0	0	0	0	0	0	0	0	0	0	0	0	0.0053	0.00322	0	0	0	0
k__Bacteria|p__Candidatus_Saccharibacteria|c__Candidatus_Saccharibacteria_noname	0	0	0	0	0	0	0	0	0	0	0	0	0	0	0	0	0	0	0	0	0	0	0	0	0	0	0	0	0	0.0053	0.00322	0	0	0	0
k__Bacteria|p__Candidatus_Saccharibacteria|c__Candidatus_Saccharibacteria_noname|o__Candidatus_Saccharibacteria_noname	0	0	0	0	0	0	0	0	0	0	0	0	0	0	0	0	0	0	0	0	0	0	0	0	0	0	0	0	0	0.0053	0.00322	0	0	0	0
k__Bacteria|p__Candidatus_Saccharibacteria|c__Candidatus_Saccharibacteria_noname|o__Candidatus_Saccharibacteria_noname|f__Candidatus_Saccharibacteria_noname	0	0	0	0	0	0	0	0	0	0	0	0	0	0	0	0	0	0	0	0	0	0	0	0	0	0	0	0	0	0.0053	0.00322	0	0	0	0
k__Bacteria|p__Candidatus_Saccharibacteria|c__Candidatus_Saccharibacteria_noname|o__Candidatus_Saccharibacteria_noname|f__Candidatus_Saccharibacteria_noname|g__Candidatus_Saccharibacteria_noname_unclassified	0	0	0	0	0	0	0	0	0	0	0	0	0	0	0	0	0	0	0	0	0	0	0	0	0	0	0	0	0	0.0053	0.00322	0	0	0	0
